dataset,model,accuracy,precision,recall,f1,statistical_parity_diff,disparate_impact_ratio,equal_opportunity_diff,false_positive_rate_diff,average_odds_diff,predictive_parity_diff
adult_income,dummy,0.7543160690571049,0.0,0.0,0.0,0.0,,0.0,0.0,0.0,0.0
adult_income,logreg,0.848207171314741,0.7334874504623514,0.6002702702702702,0.6602259215219977,0.1739510410079906,0.3252747656314677,0.05780535355133609,0.0761237576953272,0.06696455562333165,0.013494254921172177
adult_income,tree,0.8067065073041169,0.6050039925472451,0.6143243243243244,0.6096285369451522,0.1790324003884201,0.4184885509790977,0.048988062155163936,0.09496292030947553,0.07197549123231974,0.12153070657175857
adult_income,rf,0.8474103585657371,0.7223984771573604,0.6154054054054054,0.6646234676007006,0.179827450381288,0.3289043254803496,0.06928222701155173,0.0791303041316021,0.07420626557157692,0.007492395910396965
adult_income,gb,0.8658698539176627,0.7947368421052632,0.6121621621621621,0.6916030534351145,0.16426332625447645,0.32354708948694294,0.0570102207693024,0.056714935031221825,0.05686257790026211,0.021669554538725544
