dataset,model,accuracy,precision,recall,f1,statistical_parity_diff,disparate_impact_ratio,equal_opportunity_diff,false_positive_rate_diff,average_odds_diff,predictive_parity_diff
adult_income,logreg_fair_dp_eps0.005,0.8282868525896414,0.7256888168557536,0.48405405405405405,0.580739299610895,0.010915142760669128,0.9348110926471397,0.26499456487900785,0.04259759214071036,0.1537960785098591,0.30800570365341495
adult_income,logreg_fair_dp_eps0.01,0.8277556440903054,0.7246141348497157,0.4821621621621622,0.5790327815644272,0.013042671266877193,0.9222420767655682,0.26088123789378925,0.0402207527746181,0.15055099533420369,0.30207186591625945
adult_income,logreg_fair_dp_eps0.02,0.8267596281540505,0.7207608255766896,0.4813513513513514,0.5772160103710906,0.013325447089999692,0.9208816198816695,0.266062738946826,0.03850744609272204,0.15228509251977404,0.2945253551907533
adult_income,logreg_fair_dp_eps0.05,0.8276228419654714,0.7227602905569007,0.48405405405405405,0.579799287795403,0.014619492002069884,0.9136530935128038,0.26076756589405886,0.03856342879498479,0.14966549734452184,0.29663164021812394
