dataset,model,accuracy,precision,recall,f1,statistical_parity_diff,disparate_impact_ratio,equal_opportunity_diff,false_positive_rate_diff,average_odds_diff,predictive_parity_diff,experiment,di_gap,fairness_penalty,tradeoff_score
adult_income,gb,0.8658698539176627,0.7947368421052632,0.6121621621621621,0.6916030534351145,0.1642633262544764,0.3235470894869429,0.0570102207693024,0.0567149350312218,0.0568625779002621,0.0216695545387255,baseline_models,0.6764529105130571,0.1106367735118894,0.810551467161718
adult_income,logreg_thresh_equalized_odds,0.8308764940239044,0.6972288744440643,0.5508108108108108,0.6154310735316322,0.1013720133696778,0.5537432452658911,0.0080347253678775,0.0090680178032859,0.0085513715855817,0.2624202346102815,mitigation_threshold,0.44625675473410886,0.05470336936877765,0.8035248093395155
adult_income,logreg_fair_dp_eps0.005,0.8282868525896414,0.7256888168557536,0.484054054054054,0.580739299610895,0.0109151427606691,0.9348110926471396,0.2649945648790078,0.0425975921407103,0.1537960785098591,0.3080057036534149,mitigation_dp_sweep,0.06518890735286043,0.13795485381983846,0.7593094256797221
adult_income,logreg_fair_dp_eps0.01,0.8277556440903054,0.7246141348497157,0.4821621621621622,0.5790327815644272,0.0130426712668771,0.9222420767655682,0.2608812378937892,0.0402207527746181,0.1505509953342036,0.3020718659162594,mitigation_dp_sweep,0.07775792323443176,0.13696195458033314,0.7592746668001389
adult_income,logreg_fair_dp_eps0.05,0.8276228419654714,0.7227602905569007,0.484054054054054,0.579799287795403,0.0146194920020698,0.9136530935128038,0.2607675658940588,0.0385634287949847,0.1496654973445218,0.2966316402181239,mitigation_dp_sweep,0.08634690648719623,0.1376935289480643,0.7587760774914393
adult_income,logreg_thresh_demographic_parity,0.8238379814077025,0.6857041504079461,0.5224324324324324,0.5930357416781715,0.0043386841959727,0.977177777885638,0.3128087779917299,0.057811120917917,0.1853099494548234,0.322551531020851,mitigation_threshold,0.022822222114362023,0.1585737310938513,0.7445511158607768
adult_income,dummy,0.7543160690571049,0.0,0.0,0.0,0.0,,0.0,0.0,0.0,0.0,baseline_models,,0.0,0.7543160690571049
