dataset,model,accuracy,precision,recall,f1,statistical_parity_diff,disparate_impact_ratio,equal_opportunity_diff,predictive_parity_diff
adult_income,logreg_fair_dp_eps0.005,0.8277556440903054,0.7238866396761133,0.48324324324324325,0.579578606158833,0.013528988714261864,0.9196731138188325,0.26172206796214664,0.2998410671185784
adult_income,logreg_fair_dp_eps0.01,0.8283532536520585,0.7267181781211874,0.482972972972973,0.5802890079558369,0.0145595749002988,0.9133513158279578,0.26204023531817594,0.2963751487666949
adult_income,logreg_fair_dp_eps0.02,0.8280876494023904,0.7260887260887261,0.4821621621621622,0.5795030047100861,0.01436247230839971,0.9144239538970453,0.2629947373862637,0.29557373397857734
adult_income,logreg_fair_dp_eps0.05,0.8286852589641435,0.7263540824575586,0.48567567567567566,0.5821185617103984,0.016339937259753634,0.9036598818275885,0.2609720612503577,0.291983335301058
