dataset,model,accuracy,precision,recall,f1,statistical_parity_diff,disparate_impact_ratio,equal_opportunity_diff,false_positive_rate_diff,average_odds_diff,predictive_parity_diff
adult_income,logreg_baseline,0.848207171314741,0.7334874504623514,0.6002702702702702,0.6602259215219977,0.1739510410079906,0.3252747656314677,0.05780535355133609,0.0761237576953272,0.06696455562333165,0.013494254921172177
adult_income,logreg_thresh_equalized_odds,0.8308764940239044,0.6972288744440643,0.5508108108108108,0.6154310735316322,0.10137201336967783,0.5537432452658911,0.008034725367877527,0.009068017803285963,0.008551371585581745,0.2624202346102815
adult_income,logreg_thresh_demographic_parity,0.8238379814077025,0.6857041504079461,0.5224324324324324,0.5930357416781715,0.004338684195972775,0.9771777778856379,0.3128087779917299,0.05781112091791703,0.18530994945482346,0.322551531020851
