dataset,model,accuracy,precision,recall,f1,statistical_parity_diff,disparate_impact_ratio,equal_opportunity_diff,predictive_parity_diff
adult_income,logreg_baseline,0.848207171314741,0.7334874504623514,0.6002702702702702,0.6602259215219977,0.1739510410079906,0.3252747656314677,0.05780535355133609,0.013494254921172177
adult_income,logreg_thresh_equalized_odds,0.8309428950863214,0.6958587915818059,0.5540540540540541,0.6169124285284382,0.09971148521376513,0.5629492697779375,0.0008282633146183827,0.26235294520336944
adult_income,logreg_thresh_demographic_parity,0.8237715803452855,0.6858564321250888,0.5216216216216216,0.5925698495548051,0.004831440675720472,0.97458579438992,0.3137632800598177,0.32306369310674743
