dataset,model,accuracy,precision,recall,f1,statistical_parity_diff,disparate_impact_ratio,equal_opportunity_diff,false_positive_rate_diff,average_odds_diff,predictive_parity_diff
german_credit,logreg_baseline,0.705,0.7872340425531915,0.7928571428571428,0.7900355871886121,0.0071428571428572285,0.9898989898989898,0.025000000000000022,0.07500000000000007,0.050000000000000044,0.06998556998556993
german_credit,logreg_thresh_equalized_odds,0.75,0.8214285714285714,0.8214285714285714,0.8214285714285714,0.023809523809523836,0.9663299663299663,0.09999999999999998,0.20000000000000007,0.15000000000000002,0.12687854151268785
german_credit,logreg_thresh_demographic_parity,0.735,0.8270676691729323,0.7857142857142857,0.8058608058608059,0.0023809523809523725,0.9964285714285714,0.08500000000000008,0.25000000000000006,0.16750000000000007,0.1459677419354839
