dataset,model,accuracy,precision,recall,f1,statistical_parity_diff,disparate_impact_ratio,equal_opportunity_diff,false_positive_rate_diff,average_odds_diff,predictive_parity_diff
german_credit,logreg_fair_dp_eps0.005,0.715,0.7902097902097902,0.8071428571428572,0.7985865724381626,0.026190476190476097,0.9642857142857144,0.02499999999999991,0.07500000000000007,0.04999999999999999,0.058080808080808066
german_credit,logreg_fair_dp_eps0.01,0.71,0.7887323943661971,0.8,0.7943262411347518,0.014285714285714346,0.9799999999999999,0.03500000000000003,0.07500000000000007,0.05500000000000005,0.07190476190476192
german_credit,logreg_fair_dp_eps0.02,0.695,0.7801418439716312,0.7857142857142857,0.7829181494661922,0.01666666666666672,0.9767441860465116,0.015000000000000013,0.125,0.07,0.08519221642145236
german_credit,logreg_fair_dp_eps0.05,0.705,0.7872340425531915,0.7928571428571428,0.7900355871886121,0.0071428571428572285,0.9898989898989898,0.025000000000000022,0.07500000000000007,0.050000000000000044,0.06998556998556993
