dataset,model,accuracy,precision,recall,f1,statistical_parity_diff,disparate_impact_ratio,equal_opportunity_diff,predictive_parity_diff
german_credit,logreg_baseline,0.705,0.7872340425531915,0.7928571428571428,0.7900355871886121,0.525,0.41666666666666663,0.2564102564102565,0.17948717948717952
german_credit,logreg_thresh_equalized_odds,0.675,0.831858407079646,0.6714285714285714,0.7430830039525692,0.4732142857142857,0.208955223880597,0.380952380952381,0.2941176470588235
german_credit,logreg_thresh_demographic_parity,0.725,0.8102189781021898,0.7928571428571428,0.8014440433212996,0.375,0.5,0.17948717948717952,0.2067510548523207
