dataset,model,accuracy,precision,recall,f1,statistical_parity_diff,disparate_impact_ratio,equal_opportunity_diff,predictive_parity_diff
german_credit,logreg_fair_dp_eps0.005,0.695,0.7801418439716312,0.7857142857142857,0.7829181494661922,0.525,0.41666666666666663,0.2564102564102565,0.17748917748917747
german_credit,logreg_fair_dp_eps0.01,0.705,0.7832167832167832,0.8,0.7915194346289752,0.525,0.41666666666666663,0.2564102564102565,0.1708333333333334
german_credit,logreg_fair_dp_eps0.02,0.71,0.7928571428571428,0.7928571428571428,0.7928571428571428,0.475,0.4411764705882353,0.2564102564102565,0.19047619047619047
german_credit,logreg_fair_dp_eps0.05,0.715,0.7902097902097902,0.8071428571428572,0.7985865724381626,0.475,0.4411764705882353,0.2564102564102565,0.19409282700421948
