dataset,model,accuracy,precision,recall,f1,statistical_parity_diff,disparate_impact_ratio,equal_opportunity_diff,false_positive_rate_diff,average_odds_diff,predictive_parity_diff,experiment,di_gap,fairness_penalty,tradeoff_score
german_credit,gb,0.75,0.7960526315789473,0.8642857142857143,0.8287671232876712,0.0619047619047619,0.9204892966360856,0.0899999999999999,0.05,0.07,0.072327714956262,baseline_models,0.07951070336391441,0.0759523809523809,0.7120238095238095
german_credit,logreg_thresh_equalized_odds,0.75,0.8214285714285714,0.8214285714285714,0.8214285714285714,0.0238095238095238,0.9663299663299664,0.0999999999999999,0.2,0.15,0.1268785415126878,mitigation_threshold,0.03367003367003363,0.06190476190476185,0.719047619047619
german_credit,logreg_thresh_demographic_parity,0.735,0.8270676691729323,0.7857142857142857,0.8058608058608059,0.0023809523809523,0.9964285714285714,0.085,0.25,0.1675,0.1459677419354839,mitigation_threshold,0.0035714285714285587,0.043690476190476155,0.7131547619047619
german_credit,rf,0.725,0.7639751552795031,0.8785714285714286,0.8172757475083057,0.0071428571428571,0.991150442477876,0.005,0.025,0.015,0.049594395280236,baseline_models,0.008849557522124019,0.0060714285714285506,0.7219642857142857
german_credit,dummy,0.7,0.7,1.0,0.8235294117647058,0.0,1.0,0.0,0.0,0.0,0.0476190476190476,baseline_models,0.0,0.0,0.7
