dataset,model,accuracy,precision,recall,f1,statistical_parity_diff,disparate_impact_ratio,equal_opportunity_diff,predictive_parity_diff,experiment,di_gap,fairness_penalty,tradeoff_score
german_credit,gb,0.75,0.7960526315789473,0.8642857142857143,0.8287671232876712,0.2249999999999999,0.7352941176470589,0.3333333333333333,0.4505747126436781,baseline_models,0.2647058823529411,0.2791666666666666,0.6104166666666667
german_credit,rf,0.725,0.7639751552795031,0.8785714285714286,0.8172757475083057,0.2249999999999999,0.7352941176470589,0.2564102564102565,0.4131868131868131,baseline_models,0.2647058823529411,0.24070512820512818,0.6046474358974359
german_credit,logreg_thresh_demographic_parity,0.725,0.8102189781021898,0.7928571428571428,0.8014440433212996,0.375,0.5,0.1794871794871795,0.2067510548523207,mitigation_threshold,0.5,0.27724358974358976,0.5863782051282052
german_credit,dummy,0.7,0.7,1.0,0.8235294117647058,0.0,1.0,0.0,0.375,baseline_models,0.0,0.0,0.7
